{"a1a": {"Spider": {"gradient_mean": [0.46256584839443565, 0.20041890107267135, 0.1413597595608677, 0.1253800204186438, 0.1227439505791553, 0.12328786781906723, 0.12416029400401504, 0.12474350866029713, 0.12503738297715974, 0.12516304998438688, 0.12522018131970386, 0.1252651186573507, 0.12532745648456123, 0.1254177354387515, 0.12553618656483284, 0.12567804252593884, 0.12583662067824614, 0.12600484098544595, 0.12617618495002236, 0.12634505429600615, 0.12650692670872266, 0.1266583334730344, 0.12679678279810078, 0.12692063984599009, 0.12702899959251587, 0.12712155887674909, 0.1271984969378524, 0.1272603663662502, 0.12730799626774886, 0.1273424082193006, 0.12736474499795028, 0.12737621164858937, 0.12737802814187993, 0.12737139266140224, 0.127357454307361, 0.12733729394451457, 0.12731191186167984, 0.1272822209624668, 0.1272490442987373, 0.1272131158891166, 0.12717508391474652, 0.12713551553851246, 0.12709490274129723, 0.12705366870213886, 0.127012174365592, 0.1269707249367742, 0.12692957612394215, 0.12688894001084183, 0.1268489904894272, 0.12680986821909893], "lower": [0.46256584839443565, 0.20041890107267135, 0.1413597595608677, 0.1253800204186438, 0.1227439505791553, 0.12328786781906723, 0.12416029400401504, 0.12474350866029713, 0.12503738297715974, 0.12516304998438688, 0.12522018131970386, 0.1252651186573507, 0.12532745648456123, 0.1254177354387515, 0.12553618656483284, 0.12567804252593884, 0.12583662067824614, 0.12600484098544595, 0.12617618495002236, 0.12634505429600615, 0.12650692670872266, 0.1266583334730344, 0.12679678279810078, 0.12692063984599009, 0.12702899959251587, 0.12712155887674909, 0.1271984969378524, 0.1272603663662502, 0.12730799626774886, 0.1273424082193006, 0.12736474499795028, 0.12737621164858937, 0.12737802814187993, 0.12737139266140224, 0.127357454307361, 0.12733729394451457, 0.12731191186167984, 0.1272822209624668, 0.1272490442987373, 0.1272131158891166, 0.12717508391474652, 0.12713551553851246, 0.12709490274129723, 0.12705366870213886, 0.127012174365592, 0.1269707249367742, 0.12692957612394215, 0.12688894001084183, 0.1268489904894272, 0.12680986821909893], "upper": [0.46256584839443565, 0.20041890107267135, 0.1413597595608677, 0.1253800204186438, 0.1227439505791553, 0.12328786781906723, 0.12416029400401504, 0.12474350866029713, 0.12503738297715974, 0.12516304998438688, 0.12522018131970386, 0.1252651186573507, 0.12532745648456123, 0.1254177354387515, 0.12553618656483284, 0.12567804252593884, 0.12583662067824614, 0.12600484098544595, 0.12617618495002236, 0.12634505429600615, 0.12650692670872266, 0.1266583334730344, 0.12679678279810078, 0.12692063984599009, 0.12702899959251587, 0.12712155887674909, 0.1271984969378524, 0.1272603663662502, 0.12730799626774886, 0.1273424082193006, 0.12736474499795028, 0.12737621164858937, 0.12737802814187993, 0.12737139266140224, 0.127357454307361, 0.12733729394451457, 0.12731191186167984, 0.1272822209624668, 0.1272490442987373, 0.1272131158891166, 0.12717508391474652, 0.12713551553851246, 0.12709490274129723, 0.12705366870213886, 0.127012174365592, 0.1269707249367742, 0.12692957612394215, 0.12688894001084183, 0.1268489904894272, 0.12680986821909893], "n_runs": 1, "n_iterations": 150000, "gradient_calls": 3000}, "SpiderBoost": {"gradient_mean": [0.46256584839443565, 0.32287232811925504, 0.30203984374319093, 0.28320382584212755, 0.26645585551045925, 0.2516641309402147, 0.23855762268393715, 0.22684462279717008, 0.21628650021740506, 0.20671583391561263, 0.19802183764173867, 0.1901278560589309, 0.18297477380009847, 0.17650914294872072, 0.17067966896480063, 0.16543477234058673, 0.16072422334536865, 0.1564993456509023, 0.15271346238700687, 0.14932371470319988, 0.14629008000523527, 0.14357597379864673, 0.1411488753786003, 0.13897837578864441, 0.1370386373798763, 0.1353056694934129, 0.13375783395072333, 0.13237649318740252, 0.13114448121511724, 0.13004676118992375, 0.12906998533195535, 0.1282018434928744, 0.12743143833724868, 0.1267491479794086, 0.12614650010243422, 0.12561552350850305, 0.12514906081270225, 0.12474088443788019, 0.12438537059265374, 0.12407718928966568, 0.12381169047980367, 0.12358481847397512, 0.12339251695854932, 0.12323146297801772, 0.12309841045690385, 0.12299051874513517, 0.12290522165283449, 0.12284012655521502, 0.12279299460144025, 0.12276200511756268], "lower": [0.46256584839443565, 0.32287232811925504, 0.30203984374319093, 0.28320382584212755, 0.26645585551045925, 0.2516641309402147, 0.23855762268393715, 0.22684462279717008, 0.21628650021740506, 0.20671583391561263, 0.19802183764173867, 0.1901278560589309, 0.18297477380009847, 0.17650914294872072, 0.17067966896480063, 0.16543477234058673, 0.16072422334536865, 0.1564993456509023, 0.15271346238700687, 0.14932371470319988, 0.14629008000523527, 0.14357597379864673, 0.1411488753786003, 0.13897837578864441, 0.1370386373798763, 0.1353056694934129, 0.13375783395072333, 0.13237649318740252, 0.13114448121511724, 0.13004676118992375, 0.12906998533195535, 0.1282018434928744, 0.12743143833724868, 0.1267491479794086, 0.12614650010243422, 0.12561552350850305, 0.12514906081270225, 0.12474088443788019, 0.12438537059265374, 0.12407718928966568, 0.12381169047980367, 0.12358481847397512, 0.12339251695854932, 0.12323146297801772, 0.12309841045690385, 0.12299051874513517, 0.12290522165283449, 0.12284012655521502, 0.12279299460144025, 0.12276200511756268], "upper": [0.46256584839443565, 0.32287232811925504, 0.30203984374319093, 0.28320382584212755, 0.26645585551045925, 0.2516641309402147, 0.23855762268393715, 0.22684462279717008, 0.21628650021740506, 0.20671583391561263, 0.19802183764173867, 0.1901278560589309, 0.18297477380009847, 0.17650914294872072, 0.17067966896480063, 0.16543477234058673, 0.16072422334536865, 0.1564993456509023, 0.15271346238700687, 0.14932371470319988, 0.14629008000523527, 0.14357597379864673, 0.1411488753786003, 0.13897837578864441, 0.1370386373798763, 0.1353056694934129, 0.13375783395072333, 0.13237649318740252, 0.13114448121511724, 0.13004676118992375, 0.12906998533195535, 0.1282018434928744, 0.12743143833724868, 0.1267491479794086, 0.12614650010243422, 0.12561552350850305, 0.12514906081270225, 0.12474088443788019, 0.12438537059265374, 0.12407718928966568, 0.12381169047980367, 0.12358481847397512, 0.12339251695854932, 0.12323146297801772, 0.12309841045690385, 0.12299051874513517, 0.12290522165283449, 0.12284012655521502, 0.12279299460144025, 0.12276200511756268], "n_runs": 1, "n_iterations": 150000, "gradient_calls": 3000}}}