{"a1a": {"SVRG": {"gradient_mean": [0.46256584839443565, 0.23858570193885337, 0.18308906095927086, 0.15292902284905757, 0.13734942700899916, 0.1292328212142447, 0.12512496672122667, 0.12340680692824706, 0.12282023002929637, 0.12281292558736882, 0.12306527885088267, 0.12343907868132334, 0.12381879322411128, 0.12417849758038499, 0.12444619163689552, 0.12468000249815331, 0.12485096570887211, 0.12497210581313586, 0.12506040074791888, 0.12512323304754225, 0.12516236592465116, 0.12519113693416303, 0.12521243130645518, 0.1252316910972245, 0.12525015865262498], "lower": [0.46256584839443565, 0.23858570193885337, 0.18308906095927086, 0.15292902284905757, 0.13734942700899916, 0.1292328212142447, 0.12512496672122667, 0.12340680692824706, 0.12282023002929637, 0.12281292558736882, 0.12306527885088267, 0.12343907868132334, 0.12381879322411128, 0.12417849758038499, 0.12444619163689552, 0.12468000249815331, 0.12485096570887211, 0.12497210581313586, 0.12506040074791888, 0.12512323304754225, 0.12516236592465116, 0.12519113693416303, 0.12521243130645518, 0.1252316910972245, 0.12525015865262498], "upper": [0.46256584839443565, 0.23858570193885337, 0.18308906095927086, 0.15292902284905757, 0.13734942700899916, 0.1292328212142447, 0.12512496672122667, 0.12340680692824706, 0.12282023002929637, 0.12281292558736882, 0.12306527885088267, 0.12343907868132334, 0.12381879322411128, 0.12417849758038499, 0.12444619163689552, 0.12468000249815331, 0.12485096570887211, 0.12497210581313586, 0.12506040074791888, 0.12512323304754225, 0.12516236592465116, 0.12519113693416303, 0.12521243130645518, 0.1252316910972245, 0.12525015865262498], "n_runs": 1, "n_iterations": 100000, "gradient_calls": 4000}, "AdaSVRG": {"gradient_mean": [0.46256584839443565, 0.3454681878009218, 0.34546818744547675, 0.34546818744547597, 0.34546818744547597, 0.34546818744547597, 0.34546818744547597, 0.34546818744547597, 0.34546818744547597, 0.34546818744547597, 0.34546818744547597, 0.34546818744547597, 0.34546818744547597, 0.34546818744547597, 0.34546818744547597, 0.34546818744547597, 0.34546818744547597, 0.34546818744547597, 0.34546818744547597, 0.34546818744547597], "lower": [0.46256584839443565, 0.3454681878009218, 0.34546818744547675, 0.34546818744547597, 0.34546818744547597, 0.34546818744547597, 0.34546818744547597, 0.34546818744547597, 0.34546818744547597, 0.34546818744547597, 0.34546818744547597, 0.34546818744547597, 0.34546818744547597, 0.34546818744547597, 0.34546818744547597, 0.34546818744547597, 0.34546818744547597, 0.34546818744547597, 0.34546818744547597, 0.34546818744547597], "upper": [0.46256584839443565, 0.3454681878009218, 0.34546818744547675, 0.34546818744547597, 0.34546818744547597, 0.34546818744547597, 0.34546818744547597, 0.34546818744547597, 0.34546818744547597, 0.34546818744547597, 0.34546818744547597, 0.34546818744547597, 0.34546818744547597, 0.34546818744547597, 0.34546818744547597, 0.34546818744547597, 0.34546818744547597, 0.34546818744547597, 0.34546818744547597, 0.34546818744547597], "n_runs": 1, "n_iterations": 100000, "gradient_calls": 5000}}}