{"a1a": {"SVRG": {"gradient_mean": [0.46256584839443565, 0.22175229854322717, 0.1653030931224548], "lower": [0.46256584839443565, 0.22175229854322717, 0.1653030931224548], "upper": [0.46256584839443565, 0.22175229854322717, 0.1653030931224548], "n_runs": 1, "n_iterations": 15000, "gradient_calls": 5000}, "AdaSVRG": {"gradient_mean": [0.46256584839443565, 0.34546818704616455, 0.34546818744549046, 0.34546818744547597], "lower": [0.46256584839443565, 0.34546818704616455, 0.34546818744549046, 0.34546818744547597], "upper": [0.46256584839443565, 0.34546818704616455, 0.34546818744549046, 0.34546818744547597], "n_runs": 1, "n_iterations": 15000, "gradient_calls": 4000}}}