{"w1a": {"SpiderBoost": {"gradient_mean": [0.19860492504952287, 0.13270317336327964, 0.12875898042455755, 0.12499767400865418, 0.12144946302215907, 0.11813152694571649, 0.1150437061328497, 0.11217351262032317, 0.10950289751356353, 0.10701193506928341, 0.10468343190904059, 0.10250261245192854, 0.10045814288035317, 0.0985411514101196, 0.09674463006356045, 0.09506243741112289, 0.09348879310781143, 0.09201892418999899, 0.09064778648107708, 0.08937017381600056, 0.08818174394120695, 0.08707766526912833, 0.08605303398771529, 0.08510346784344702, 0.08422482666837516, 0.08341264855790224, 0.0826627167794276, 0.0819717140429497, 0.08133550380789482, 0.08075100769487814, 0.08021468466530222, 0.07972396639317662, 0.07927568109195689, 0.0788672261406859], "lower": [0.19860492504952287, 0.13270317336327964, 0.12875898042455755, 0.12499767400865418, 0.12144946302215907, 0.11813152694571649, 0.1150437061328497, 0.11217351262032317, 0.10950289751356353, 0.10701193506928341, 0.10468343190904059, 0.10250261245192854, 0.10045814288035317, 0.0985411514101196, 0.09674463006356045, 0.09506243741112289, 0.09348879310781143, 0.09201892418999899, 0.09064778648107708, 0.08937017381600056, 0.08818174394120695, 0.08707766526912833, 0.08605303398771529, 0.08510346784344702, 0.08422482666837516, 0.08341264855790224, 0.0826627167794276, 0.0819717140429497, 0.08133550380789482, 0.08075100769487814, 0.08021468466530222, 0.07972396639317662, 0.07927568109195689, 0.0788672261406859], "upper": [0.19860492504952287, 0.13270317336327964, 0.12875898042455755, 0.12499767400865418, 0.12144946302215907, 0.11813152694571649, 0.1150437061328497, 0.11217351262032317, 0.10950289751356353, 0.10701193506928341, 0.10468343190904059, 0.10250261245192854, 0.10045814288035317, 0.0985411514101196, 0.09674463006356045, 0.09506243741112289, 0.09348879310781143, 0.09201892418999899, 0.09064778648107708, 0.08937017381600056, 0.08818174394120695, 0.08707766526912833, 0.08605303398771529, 0.08510346784344702, 0.08422482666837516, 0.08341264855790224, 0.0826627167794276, 0.0819717140429497, 0.08133550380789482, 0.08075100769487814, 0.08021468466530222, 0.07972396639317662, 0.07927568109195689, 0.0788672261406859], "n_runs": 1, "n_iterations": 100000, "gradient_calls": 3000}}}