{"a1a": {"SVRG": {"gradient_mean": [2.5287305929074573, 111.18206316901842, 73.83515637258722, 1.3186479852752349, 1.3190972559349992, 1.3191871725157356, 1.3191781119774841, 1.3191769865033414, 1.3192043351310299, 1.31925310482318, 1.3193100786210594, 1.3193659139664367, 1.3194205465722295, 1.3194868898337866, 1.3196010922128956, 1.3198703121065012, 1.3207048537825834, 1.3227194521920718, 1.3231990489307706, 1.322079322589866, 1.3214453542451614, 1.3210772923200884, 1.3208379353567818, 1.3206695812838138, 1.3205447561649595, 1.3204487141691696, 1.3203727854777605, 1.3203115067607836, 1.3202612447641822, 1.3202194778991454, 1.3201843949081542, 1.3201546577950514, 1.3201292550829358, 1.3201074072962136, 1.3200885039613044, 1.3200720603533784, 1.3200576870263556, 1.3200450678622555, 1.320033943946303, 1.320024101517903, 1.3200153628317115, 1.3200075791341797, 1.3200006252027499, 1.3199943950558883, 1.3199887985515553, 1.319983758667535, 1.3199792093104408, 1.3199750935383894, 1.3199713621100855, 1.3199679722934237, 1.3199648868818705, 1.3199620733782627, 1.3199595033143272, 1.3199571516808184, 1.3199549964482955, 1.3199530181625156, 1.3199511996015563, 1.3199495254842009, 1.3199479822210933, 1.319946557701692, 1.3199452411113266, 1.3199440227736265, 1.3199428940144293, 1.3199418470439226, 1.3199408748543138, 1.319939971130756, 1.319939130173634, 1.3199383468306074, 1.3199376164370458, 1.3199369347637204, 1.3199362979707665, 1.3199357025670846, 1.319935145374481, 1.3199346234959157, 1.3199341342873592, 1.3199336753327884, 1.3199332444219463], "lower": [2.5287305929074573, 102.72809722457137, 67.5255513831146, 1.3185194924659862, 1.3189353137545883, 1.3189604765376102, 1.3189390250949233, 1.3189459583735588, 1.3189899621021908, 1.3190582401818851, 1.3191333221728958, 1.319200521364218, 1.3192516073231995, 1.3192855904643586, 1.3193070484144005, 1.3193194619415207, 1.3192995289445901, 1.3197258614516512, 1.318561146249148, 1.3181964243015953, 1.3182827240699064, 1.3183658204005988, 1.318426532189307, 1.3184705324097703, 1.3185028665267469, 1.3185269518981098, 1.3185450910921854, 1.3185588741721326, 1.318569425877516, 1.3185775570070744, 1.3185838604745876, 1.3185887746371128, 1.3185926264115373, 1.3185956613666157, 1.318598065117062, 1.3185999787458764, 1.3186015100404458, 1.3186027417481752, 1.3186037376850699, 1.318604547283273, 1.3186052089951255, 1.3186057528541946, 1.3186062024112557, 1.3186065762044512, 1.3186068888805789, 1.3186071520539087, 1.3186073749666534, 1.318607564998898, 1.3186077280638049, 1.318607868915043, 1.318607991386786, 1.3186080985817166, 1.3186081930188007, 1.3186082767498015, 1.3186083514514548, 1.3186084184985818, 1.3186084790222792, 1.3186085339563416, 1.3186085840744142, 1.3186086300197895, 1.3186086723293846, 1.318608711453067, 1.3186087477692798, 1.3186087815977041, 1.3186088132095417, 1.3186088428358855, 1.3186088706745496, 1.3186088968956555, 1.318608921646211, 1.3186089450538694, 1.3186089672300276, 1.3186089882723784, 1.3186090082670272, 1.3186090272902407, 1.3186090454099042, 1.3186090626867324, 1.3186090791752836], "upper": [2.5287305929074573, 119.63602911346547, 80.14476136205984, 1.3187764780844835, 1.31925919811541, 1.319413868493861, 1.319417198860045, 1.319408014633124, 1.319418708159869, 1.3194479694644747, 1.319486835069223, 1.3195313065686554, 1.3195894858212596, 1.3196881892032146, 1.3198951360113906, 1.3204211622714817, 1.3221101786205767, 1.3257130429324924, 1.3278369516123931, 1.3259622208781365, 1.3246079844204164, 1.323788764239578, 1.3232493385242567, 1.3228686301578574, 1.322586645803172, 1.3223704764402295, 1.3222004798633356, 1.3220641393494346, 1.3219530636508483, 1.3218613987912164, 1.3217849293417208, 1.32172054095299, 1.3216658837543342, 1.3216191532258115, 1.3215789428055469, 1.3215441419608804, 1.3215138640122654, 1.3214873939763359, 1.321464150207536, 1.321443655752533, 1.3214255166682976, 1.3214094054141647, 1.321395047994244, 1.3213822139073255, 1.3213707082225317, 1.3213603652811612, 1.3213510436542282, 1.3213426220778808, 1.321334996156366, 1.3213280756718044, 1.321321782376955, 1.3213160481748087, 1.3213108136098537, 1.3213060266118353, 1.3213016414451362, 1.3212976178264495, 1.3212939201808334, 1.3212905170120601, 1.3212873803677725, 1.3212844853835946, 1.3212818098932686, 1.3212793340941862, 1.3212770402595788, 1.321274912490141, 1.3212729364990858, 1.3212710994256265, 1.3212693896727186, 1.3212677967655593, 1.3212663112278806, 1.3212649244735715, 1.3212636287115054, 1.3212624168617908, 1.3212612824819348, 1.3212602197015908, 1.3212592231648141, 1.3212582879788444, 1.321257409668609], "n_runs": 5, "n_iterations": 100000}}}